{
  "runtime_sec": 108.96964001655579,
  "cg_iters_total": 49.0,
  "nodes_processed": 1.0,
  "max_depth": 0.0,
  "columns_start": 225.0,
  "columns_end": 2095.0,
  "columns_added_total": 1910.0,
  "lower_bound_start": 106.10333498430317,
  "lower_bound_end": 86.2155900219226,
  "lower_bound_improvement_pct": 18.743751047337724,
  "upper_bound_start": 116.61361246187705,
  "upper_bound_end": 86.2346704886405,
  "upper_bound_improvement_pct": 26.050939793300664,
  "final_gap_pct": 0.02212621282112146,
  "time_to_first_feasible_sec": 1.0355358123779297,
  "time_to_best_incumbent_sec": 108.96548390388489,
  "pricing_time_sec": 108.18559908866882,
  "pricing_share_pct": 99.28049599157359,
  "rmp_time_sec": 0.07828474044799805,
  "rmp_share_pct": 0.07184087277530166,
  "cut_time_sec": 0.1008460521697998,
  "cut_share_pct": 0.09254509068257749,
  "iter_time_avg_sec": 2.219013180051531,
  "iter_time_last10_avg_sec": 4.5159608840942385,
  "pricing_calls_total": 49.0
}