{
  "instance_id": "data2_case_local",
  "status": "OPTIMAL",
  "obj_primal": 86.2346704886405,
  "obj_dual": 86.2155900219226,
  "gap": 0.00022126212821121458,
  "runtime_sec": 108.96964001655579,
  "nodes_processed": 1.0,
  "global_columns": 2095.0,
  "global_columns_final": 2095.0,
  "best_lb": 86.2155900219226,
  "root_lb": 86.2155900219226,
  "nodes_pruned_by_bound": 0.0,
  "nodes_pruned_infeasible": 0.0,
  "max_open_nodes": 2.0,
  "max_depth": 0.0,
  "cg_iters_total": 49.0,
  "rmp_solve_calls_total": 50.0,
  "cuts_separation_calls_total": 147.0,
  "pricing_calls_total": 49.0,
  "restricted_master_heur_calls_total": 5.0,
  "restricted_master_heur_hits_total": 5.0,
  "time_restricted_master_heur_sec": 0.19540739059448242,
  "time_rmp_sec": 0.07828474044799805,
  "time_cut_sep_sec": 0.1008460521697998,
  "time_pricing_sec": 108.18559908866882,
  "time_branch_sec": 1.4066696166992188e-05,
  "time_other_sec": 0.604896068572998,
  "time_to_first_feasible_sec": 1.0355358123779297,
  "time_to_best_incumbent_sec": 108.96548390388489,
  "solve_seed": 42.0
}